{
    "comment": "Unless otherwise specified, the unit of energy is eV and the unit of length is Angstrom",
    "init": {
        "element": {
            "Si": "Si"
        },
        "orb": {
            "Si": "../jy_reduced_7au_100Ry_21s20p20d.orb"
        },
        "pp": {
            "Si": "Si_ONCV_PBE-1.0.upf"
        },
        "coordinate": [
            [
                10.000004705434549,
                10.000004705434549,
                10.000004705434549
            ],
            [
                10.000004705434549,
                10.000004705434549,
                13.401513085409534
            ]
        ],
        "mag": [
            0.0,
            0.0
        ],
        "label": [
            "Si",
            "Si"
        ],
        "cell": [
            [
                1.0,
                0.0,
                0.0
            ],
            [
                0.0,
                1.0,
                0.0
            ],
            [
                0.0,
                0.0,
                1.0
            ]
        ],
        "nkstot": 6,
        "point_group": "C_4v",
        "point_group_in_space": "D_4h",
        "natom": 2,
        "nband": 50,
        "natom_each_type": {
            "Si": 2
        },
        "nelectron_each_type": {
            "Si": 4.0
        },
        "nelectron": 8
    },
    "output": [
        {
            "e_fermi": -4.810987126738495,
            "energy": -206.65985162026406,
            "scf_converge": true,
            "force": null,
            "stress": null,
            "coordinate": [
                [
                    10.000004705434549,
                    10.000004705434549,
                    10.000004705434549
                ],
                [
                    10.000004705434549,
                    10.000004705434549,
                    13.401513085409534
                ]
            ],
            "mag": [
                0.0,
                0.0
            ],
            "cell": [
                [
                    1.0,
                    0.0,
                    0.0
                ],
                [
                    0.0,
                    1.0,
                    0.0
                ],
                [
                    0.0,
                    0.0,
                    1.0
                ]
            ],
            "total_mag": 0.0,
            "absolute_mag": 0.0,
            "scf": [
                {
                    "energy": -204.68326578945,
                    "ediff": 0.0,
                    "drho": 0.27997042677474395,
                    "time": 2.1731103970000005
                },
                {
                    "energy": -205.3009676186754,
                    "ediff": -0.6177018292253912,
                    "drho": 0.4044128173861676,
                    "time": 2.082504009
                },
                {
                    "energy": -206.6858414415626,
                    "ediff": -1.3848738228871907,
                    "drho": 0.12947191768850326,
                    "time": 2.140537923
                },
                {
                    "energy": -206.6467364042697,
                    "ediff": 0.0391050372929029,
                    "drho": 0.07394946136444283,
                    "time": 2.1992335059999998
                },
                {
                    "energy": -206.65998768313166,
                    "ediff": -0.0132512788619547,
                    "drho": 0.012628343450062297,
                    "time": 2.1964686600000009
                },
                {
                    "energy": -206.65950667195498,
                    "ediff": 0.00048101117667790694,
                    "drho": 0.008331956106730635,
                    "time": 2.194882646
                },
                {
                    "energy": -206.65979183134267,
                    "ediff": -0.00028515938771216527,
                    "drho": 0.00461907803321177,
                    "time": 2.2270701179999987
                },
                {
                    "energy": -206.65984924137704,
                    "ediff": -0.000057410034365685608,
                    "drho": 0.0006342531630884027,
                    "time": 2.199799117999998
                },
                {
                    "energy": -206.65985142740224,
                    "ediff": -0.00000218602520125382,
                    "drho": 0.0002344279399309596,
                    "time": 2.1146774290000005
                },
                {
                    "energy": -206.65985161908328,
                    "ediff": -1.9168103842853768e-7,
                    "drho": 0.000019525372774091683,
                    "time": 2.1321716760000024
                },
                {
                    "energy": -206.65985162027725,
                    "ediff": -1.193951758612144e-9,
                    "drho": 6.493443440775985e-7,
                    "time": 2.1244506820000028
                },
                {
                    "energy": -206.65985162026406,
                    "ediff": 1.3171873209927299e-11,
                    "drho": 4.4098574437060868e-9,
                    "time": 2.7753340239999995
                }
            ]
        }
    ],
    "general_info": {
        "version": "v3.7.4",
        "commit": "4207c1158 (Fri Aug 30 22:58:56 2024 +0800)",
        "device": "cpu",
        "mpi_num": 8,
        "omp_num": 1,
        "pseudo_dir": "/home/zuxin/tmp/nao/sg15_oncv_upf_2020-02-06/",
        "orbital_dir": "../",
        "stru_file": "STRU",
        "kpt_file": "KPT",
        "start_time": "2024-08-31 01:25:45",
        "end_time": "2024-08-31 01:26:13"
    }
}