{
    "comment": "Unless otherwise specified, the unit of energy is eV and the unit of length is Angstrom",
    "init": {
        "element": {
            "Si": "Si"
        },
        "orb": {
            "Si": "../jy_reduced_7au_100Ry_21s20p20d.orb"
        },
        "pp": {
            "Si": "Si_ONCV_PBE-1.0.upf"
        },
        "coordinate": [
            [
                10.000004705434549,
                10.000004705434549,
                10.000004705434549
            ],
            [
                10.000004705434549,
                10.000004705434549,
                17.18096684096963
            ]
        ],
        "mag": [
            0.0,
            0.0
        ],
        "label": [
            "Si",
            "Si"
        ],
        "cell": [
            [
                1.0,
                0.0,
                0.0
            ],
            [
                0.0,
                1.0,
                0.0
            ],
            [
                0.0,
                0.0,
                1.0
            ]
        ],
        "nkstot": 1,
        "point_group": "",
        "point_group_in_space": "",
        "natom": 2,
        "nband": 50,
        "natom_each_type": {
            "Si": 2
        },
        "nelectron_each_type": {
            "Si": 4.0
        },
        "nelectron": 8
    },
    "output": [
        {
            "e_fermi": -3.3889868173863104,
            "energy": -205.00184197031235,
            "scf_converge": true,
            "force": null,
            "stress": null,
            "coordinate": [
                [
                    10.000004705434549,
                    10.000004705434549,
                    10.000004705434549
                ],
                [
                    10.000004705434549,
                    10.000004705434549,
                    17.18096684096963
                ]
            ],
            "mag": [
                0.0,
                0.0
            ],
            "cell": [
                [
                    1.0,
                    0.0,
                    0.0
                ],
                [
                    0.0,
                    1.0,
                    0.0
                ],
                [
                    0.0,
                    0.0,
                    1.0
                ]
            ],
            "total_mag": 0.0,
            "absolute_mag": 0.0,
            "scf": [
                {
                    "energy": -204.96905097567169,
                    "ediff": 0.0,
                    "drho": 0.12511978282073336,
                    "time": 1.15235195
                },
                {
                    "energy": -204.98950488090368,
                    "ediff": -0.020453905231974987,
                    "drho": 0.03109052623173591,
                    "time": 1.0807242330000003
                },
                {
                    "energy": -204.9977097330295,
                    "ediff": -0.008204852125827432,
                    "drho": 0.018111435285850083,
                    "time": 1.0697394889999999
                },
                {
                    "energy": -205.00077683739969,
                    "ediff": -0.0030671043701965456,
                    "drho": 0.0051807248484635778,
                    "time": 1.0440707720000005
                },
                {
                    "energy": -204.99555432182067,
                    "ediff": 0.005222515579020962,
                    "drho": 0.052840871036555558,
                    "time": 1.0357548799999999
                },
                {
                    "energy": -205.00184183069548,
                    "ediff": -0.0062875088748131249,
                    "drho": 0.00015655073643276902,
                    "time": 1.064684518
                },
                {
                    "energy": -205.00184195401509,
                    "ediff": -1.2331959651480775e-7,
                    "drho": 0.00006549859831908703,
                    "time": 1.0921832240000003
                },
                {
                    "energy": -205.00184196793257,
                    "ediff": -1.3917473739333276e-8,
                    "drho": 0.000024145951337719228,
                    "time": 1.097392339999999
                },
                {
                    "energy": -205.00184196979078,
                    "ediff": -1.8582250341623308e-9,
                    "drho": 0.0000064732392537228,
                    "time": 1.1219436919999986
                },
                {
                    "energy": -205.0018419702754,
                    "ediff": -4.84604091251839e-10,
                    "drho": 9.439196564807502e-8,
                    "time": 1.084952018000001
                },
                {
                    "energy": -205.00184197045309,
                    "ediff": -1.7771152974788153e-10,
                    "drho": 2.2349176165665895e-8,
                    "time": 1.1235276919999998
                },
                {
                    "energy": -205.00184197031235,
                    "ediff": 1.4075777903599374e-10,
                    "drho": 5.394430412039989e-9,
                    "time": 1.1044225080000008
                }
            ]
        }
    ],
    "general_info": {
        "version": "v3.7.4",
        "commit": "4207c1158 (Fri Aug 30 22:58:56 2024 +0800)",
        "device": "cpu",
        "mpi_num": 8,
        "omp_num": 1,
        "pseudo_dir": "/home/zuxin/tmp/nao/sg15_oncv_upf_2020-02-06/",
        "orbital_dir": "../",
        "stru_file": "STRU",
        "kpt_file": "KPT",
        "start_time": "2024-09-04 16:08:56",
        "end_time": "2024-09-04 16:09:10"
    }
}