{
    "comment": "Unless otherwise specified, the unit of energy is eV and the unit of length is Angstrom",
    "init": {
        "element": {
            "Si": "Si"
        },
        "orb": {
            "Si": "../jy_reduced_7au_100Ry_21s20p20d.orb"
        },
        "pp": {
            "Si": "Si_ONCV_PBE-1.0.upf"
        },
        "coordinate": [
            [
                10.000004705434549,
                10.000004705434549,
                10.000004705434549
            ],
            [
                10.000004705434549,
                10.000004705434549,
                13.401513085409534
            ]
        ],
        "mag": [
            0.0,
            0.0
        ],
        "label": [
            "Si",
            "Si"
        ],
        "cell": [
            [
                1.0,
                0.0,
                0.0
            ],
            [
                0.0,
                1.0,
                0.0
            ],
            [
                0.0,
                0.0,
                1.0
            ]
        ],
        "nkstot": 1,
        "point_group": "",
        "point_group_in_space": "",
        "natom": 2,
        "nband": 50,
        "natom_each_type": {
            "Si": 2
        },
        "nelectron_each_type": {
            "Si": 4.0
        },
        "nelectron": 8
    },
    "output": [
        {
            "e_fermi": -4.810987112302604,
            "energy": -206.65985161733347,
            "scf_converge": true,
            "force": null,
            "stress": null,
            "coordinate": [
                [
                    10.000004705434549,
                    10.000004705434549,
                    10.000004705434549
                ],
                [
                    10.000004705434549,
                    10.000004705434549,
                    13.401513085409534
                ]
            ],
            "mag": [
                0.0,
                0.0
            ],
            "cell": [
                [
                    1.0,
                    0.0,
                    0.0
                ],
                [
                    0.0,
                    1.0,
                    0.0
                ],
                [
                    0.0,
                    0.0,
                    1.0
                ]
            ],
            "total_mag": 0.0,
            "absolute_mag": 0.0,
            "scf": [
                {
                    "energy": -204.6832655888552,
                    "ediff": 0.0,
                    "drho": 0.27997086304465837,
                    "time": 1.3184382049999999
                },
                {
                    "energy": -205.30096775800917,
                    "ediff": -0.6177021691539775,
                    "drho": 0.4044129446767401,
                    "time": 1.163835283
                },
                {
                    "energy": -206.68584141333094,
                    "ediff": -1.3848736553217736,
                    "drho": 0.12947186654318719,
                    "time": 1.2083491309999999
                },
                {
                    "energy": -206.64673640209734,
                    "ediff": 0.039105011233596439,
                    "drho": 0.07394943792059025,
                    "time": 1.2372129650000004
                },
                {
                    "energy": -206.65998768206735,
                    "ediff": -0.013251279970011345,
                    "drho": 0.012628337276375244,
                    "time": 1.1986958230000005
                },
                {
                    "energy": -206.65950676549125,
                    "ediff": 0.0004809165761153332,
                    "drho": 0.008332054212779225,
                    "time": 1.252681602000001
                },
                {
                    "energy": -206.65987864739496,
                    "ediff": -0.00037188190372137254,
                    "drho": 0.004617634111892747,
                    "time": 1.2122588829999988
                },
                {
                    "energy": -206.65982490453923,
                    "ediff": 0.00005374285573134724,
                    "drho": 0.0027965924958242808,
                    "time": 1.3102314059999998
                },
                {
                    "energy": -206.65985137762955,
                    "ediff": -0.000026473090299466984,
                    "drho": 0.00019280553939050925,
                    "time": 1.2646598910000009
                },
                {
                    "energy": -206.6598514815646,
                    "ediff": -1.0393507033611371e-7,
                    "drho": 0.0001986914784579585,
                    "time": 1.263149985
                },
                {
                    "energy": -206.65985161656085,
                    "ediff": -1.3499625668252336e-7,
                    "drho": 0.000017415007303884476,
                    "time": 1.250579858
                },
                {
                    "energy": -206.6598516174776,
                    "ediff": -9.1676237541094e-10,
                    "drho": 5.511010276180789e-7,
                    "time": 1.2424137579999997
                },
                {
                    "energy": -206.6598516177637,
                    "ediff": -2.860834186897421e-10,
                    "drho": 5.0107089909465749e-8,
                    "time": 1.2352972089999988
                },
                {
                    "energy": -206.65985161733347,
                    "ediff": 4.3024896675802898e-10,
                    "drho": 6.63942334225683e-9,
                    "time": 1.3008631149999986
                }
            ]
        }
    ],
    "general_info": {
        "version": "v3.7.4",
        "commit": "4207c1158 (Fri Aug 30 22:58:56 2024 +0800)",
        "device": "cpu",
        "mpi_num": 8,
        "omp_num": 1,
        "pseudo_dir": "/home/zuxin/tmp/nao/sg15_oncv_upf_2020-02-06/",
        "orbital_dir": "../",
        "stru_file": "STRU",
        "kpt_file": "KPT",
        "start_time": "2024-08-30 23:18:19",
        "end_time": "2024-08-30 23:18:38"
    }
}