{
    "comment": "Unless otherwise specified, the unit of energy is eV and the unit of length is Angstrom",
    "init": {
        "element": {
            "Si": "Si"
        },
        "orb": {
            "Si": "../jy_reduced_7au_100Ry_21s20p20d.orb"
        },
        "pp": {
            "Si": "Si_ONCV_PBE-1.0.upf"
        },
        "coordinate": [
            [
                10.000004705434549,
                10.000004705434549,
                10.000004705434549
            ],
            [
                10.000004705434549,
                10.000004705434549,
                15.291239963189583
            ]
        ],
        "mag": [
            0.0,
            0.0
        ],
        "label": [
            "Si",
            "Si"
        ],
        "cell": [
            [
                1.0,
                0.0,
                0.0
            ],
            [
                0.0,
                1.0,
                0.0
            ],
            [
                0.0,
                0.0,
                1.0
            ]
        ],
        "nkstot": 1,
        "point_group": "",
        "point_group_in_space": "",
        "natom": 2,
        "nband": 50,
        "natom_each_type": {
            "Si": 2
        },
        "nelectron_each_type": {
            "Si": 4.0
        },
        "nelectron": 8
    },
    "output": [
        {
            "e_fermi": -3.8134891882577168,
            "energy": -207.2068828819666,
            "scf_converge": true,
            "force": null,
            "stress": null,
            "coordinate": [
                [
                    10.000004705434549,
                    10.000004705434549,
                    10.000004705434549
                ],
                [
                    10.000004705434549,
                    10.000004705434549,
                    15.291239963189583
                ]
            ],
            "mag": [
                0.0,
                0.0
            ],
            "cell": [
                [
                    1.0,
                    0.0,
                    0.0
                ],
                [
                    0.0,
                    1.0,
                    0.0
                ],
                [
                    0.0,
                    0.0,
                    1.0
                ]
            ],
            "total_mag": 0.0,
            "absolute_mag": 0.0,
            "scf": [
                {
                    "energy": -207.15808071017077,
                    "ediff": 0.0,
                    "drho": 0.14060755697776806,
                    "time": 1.4130460979999998
                },
                {
                    "energy": -207.19603411538606,
                    "ediff": -0.037953405215303739,
                    "drho": 0.02996713846575428,
                    "time": 1.147201773
                },
                {
                    "energy": -207.2035331048679,
                    "ediff": -0.007498989481816731,
                    "drho": 0.014925420311959374,
                    "time": 1.0994842780000003
                },
                {
                    "energy": -207.20686356866487,
                    "ediff": -0.0033304637969917918,
                    "drho": 0.0018512163091726042,
                    "time": 1.1304314560000002
                },
                {
                    "energy": -207.206877302963,
                    "ediff": -0.000013734298129880722,
                    "drho": 0.000374909312179666,
                    "time": 1.135138124
                },
                {
                    "energy": -207.2068638346302,
                    "ediff": 0.000013468332777780305,
                    "drho": 0.0015753466619829694,
                    "time": 1.1656365689999993
                },
                {
                    "energy": -207.20688288118124,
                    "ediff": -0.000019046551017486469,
                    "drho": 0.00001280194490753603,
                    "time": 1.1720397509999999
                },
                {
                    "energy": -207.20688288205424,
                    "ediff": -8.72993086634466e-10,
                    "drho": 6.131073202265422e-7,
                    "time": 1.1523077100000006
                },
                {
                    "energy": -207.20688288189053,
                    "ediff": 1.6371792499825235e-10,
                    "drho": 8.194311807353032e-8,
                    "time": 1.1459664180000005
                },
                {
                    "energy": -207.2068828819666,
                    "ediff": -7.610684172121296e-11,
                    "drho": 8.383911916111595e-9,
                    "time": 1.178686549
                }
            ]
        }
    ],
    "general_info": {
        "version": "v3.7.4",
        "commit": "4207c1158 (Fri Aug 30 22:58:56 2024 +0800)",
        "device": "cpu",
        "mpi_num": 8,
        "omp_num": 1,
        "pseudo_dir": "/home/zuxin/tmp/nao/sg15_oncv_upf_2020-02-06/",
        "orbital_dir": "../",
        "stru_file": "STRU",
        "kpt_file": "KPT",
        "start_time": "2024-09-04 16:08:22",
        "end_time": "2024-09-04 16:08:36"
    }
}