{
    "comment": "Unless otherwise specified, the unit of energy is eV and the unit of length is Angstrom",
    "init": {
        "element": {
            "Si": "Si"
        },
        "orb": {
            "Si": "../jy_reduced_7au_100Ry_21s20p20d.orb"
        },
        "pp": {
            "Si": "Si_ONCV_PBE-1.0.upf"
        },
        "coordinate": [
            [
                10.000004705434549,
                10.000004705434549,
                10.000004705434549
            ],
            [
                10.000004705434549,
                10.000004705434549,
                15.291239963189583
            ]
        ],
        "mag": [
            1.0,
            1.0
        ],
        "label": [
            "Si",
            "Si"
        ],
        "cell": [
            [
                1.0,
                0.0,
                0.0
            ],
            [
                0.0,
                1.0,
                0.0
            ],
            [
                0.0,
                0.0,
                1.0
            ]
        ],
        "nkstot": 12,
        "point_group": "C_4v",
        "point_group_in_space": "D_4h",
        "natom": 2,
        "nband": 50,
        "natom_each_type": {
            "Si": 2
        },
        "nelectron_each_type": {
            "Si": 4.0
        },
        "nelectron": 8
    },
    "output": [
        {
            "e_fermi": -3.5452601039313778,
            "energy": -207.66505342930598,
            "scf_converge": true,
            "force": null,
            "stress": null,
            "coordinate": [
                [
                    10.000004705434549,
                    10.000004705434549,
                    10.000004705434549
                ],
                [
                    10.000004705434549,
                    10.000004705434549,
                    15.291239963189583
                ]
            ],
            "mag": [
                1.0,
                1.0
            ],
            "cell": [
                [
                    1.0,
                    0.0,
                    0.0
                ],
                [
                    0.0,
                    1.0,
                    0.0
                ],
                [
                    0.0,
                    0.0,
                    1.0
                ]
            ],
            "total_mag": 1.9999999971123209,
            "absolute_mag": 2.057157767118607,
            "scf": [
                {
                    "energy": -207.53236617128577,
                    "ediff": 0.0,
                    "drho": 0.16626783480253047,
                    "time": 4.014027441
                },
                {
                    "energy": -207.65236852047074,
                    "ediff": -0.12000234918497058,
                    "drho": 0.04652118243283804,
                    "time": 3.925565487
                },
                {
                    "energy": -207.66369839041784,
                    "ediff": -0.011329869947081942,
                    "drho": 0.015055046729257458,
                    "time": 4.145729074999998
                },
                {
                    "energy": -207.6650235002845,
                    "ediff": -0.0013251098666644699,
                    "drho": 0.0029507997799503367,
                    "time": 4.0607373760000009
                },
                {
                    "energy": -207.66505302946067,
                    "ediff": -0.000029529176190018693,
                    "drho": 0.00039557959344157845,
                    "time": 4.106031057999999
                },
                {
                    "energy": -207.66505338939255,
                    "ediff": -3.599318521169579e-7,
                    "drho": 0.0000901596460597302,
                    "time": 4.071639137000002
                },
                {
                    "energy": -207.6650534293178,
                    "ediff": -3.992525280232329e-8,
                    "drho": 0.000018189308404972404,
                    "time": 4.146481397000002
                },
                {
                    "energy": -207.66505342870387,
                    "ediff": 6.139301344560977e-10,
                    "drho": 0.000004855563535901713,
                    "time": 4.078460593999999
                },
                {
                    "energy": -207.6650534290436,
                    "ediff": -3.3976182309203296e-10,
                    "drho": 7.69774835290989e-7,
                    "time": 4.041727876000003
                },
                {
                    "energy": -207.66505342904518,
                    "ediff": -1.5467887806153158e-12,
                    "drho": 2.4555656585052408e-7,
                    "time": 4.084784221
                },
                {
                    "energy": -207.66505342929166,
                    "ediff": -2.4647112476117176e-10,
                    "drho": 5.821088483313121e-8,
                    "time": 4.121295103000001
                },
                {
                    "energy": -207.66505342931388,
                    "ediff": -2.2235088721345165e-11,
                    "drho": 1.2052947991185996e-8,
                    "time": 4.0367014089999959
                },
                {
                    "energy": -207.66505342930598,
                    "ediff": 7.903123925956379e-12,
                    "drho": 2.7085491374575878e-9,
                    "time": 5.350149971999997
                }
            ]
        }
    ],
    "general_info": {
        "version": "v3.7.4",
        "commit": "4207c1158 (Fri Aug 30 22:58:56 2024 +0800)",
        "device": "cpu",
        "mpi_num": 8,
        "omp_num": 1,
        "pseudo_dir": "/home/zuxin/tmp/nao/sg15_oncv_upf_2020-02-06/",
        "orbital_dir": "../",
        "stru_file": "STRU",
        "kpt_file": "KPT",
        "start_time": "2024-09-01 20:07:45",
        "end_time": "2024-09-01 20:08:42"
    }
}