{
    "comment": "Unless otherwise specified, the unit of energy is eV and the unit of length is Angstrom",
    "init": {
        "element": {
            "Si": "Si"
        },
        "orb": {
            "Si": "../jy_reduced_7au_100Ry_21s20p20d.orb"
        },
        "pp": {
            "Si": "Si_ONCV_PBE-1.0.upf"
        },
        "coordinate": [
            [
                0.0,
                0.0,
                0.0
            ]
        ],
        "mag": [
            0.0
        ],
        "label": [
            "Si"
        ],
        "cell": [
            [
                1.0,
                0.0,
                0.0
            ],
            [
                0.0,
                1.0,
                0.0
            ],
            [
                0.0,
                0.0,
                1.0
            ]
        ],
        "nkstot": 4,
        "point_group": "O_h",
        "point_group_in_space": "O_h",
        "natom": 1,
        "nband": 25,
        "natom_each_type": {
            "Si": 1
        },
        "nelectron_each_type": {
            "Si": 4.0
        },
        "nelectron": 4
    },
    "output": [
        {
            "e_fermi": -2.4116741520700546,
            "energy": -102.10537870989434,
            "scf_converge": true,
            "force": null,
            "stress": null,
            "coordinate": [
                [
                    0.0,
                    0.0,
                    0.0
                ]
            ],
            "mag": [
                0.0
            ],
            "cell": [
                [
                    1.0,
                    0.0,
                    0.0
                ],
                [
                    0.0,
                    1.0,
                    0.0
                ],
                [
                    0.0,
                    0.0,
                    1.0
                ]
            ],
            "total_mag": 0.0,
            "absolute_mag": 0.0,
            "scf": [
                {
                    "energy": -102.10427891436417,
                    "ediff": 0.0,
                    "drho": 0.026146114774740896,
                    "time": 0.6014314839999999
                },
                {
                    "energy": -102.10532944582899,
                    "ediff": -0.0010505314648100934,
                    "drho": 0.005168898912026853,
                    "time": 0.5430344319999998
                },
                {
                    "energy": -102.10537712596642,
                    "ediff": -0.00004768013743401902,
                    "drho": 0.001275008399048162,
                    "time": 0.5109426730000002
                },
                {
                    "energy": -102.10537870726316,
                    "ediff": -0.0000015812967440735797,
                    "drho": 0.00012155270082087104,
                    "time": 0.5466159839999998
                },
                {
                    "energy": -102.10537870986387,
                    "ediff": -2.6007078174323799e-9,
                    "drho": 0.0000022781357944874,
                    "time": 0.5394056059999999
                },
                {
                    "energy": -102.10537870981602,
                    "ediff": 4.784169361293778e-11,
                    "drho": 4.647511373137732e-7,
                    "time": 0.5407932429999995
                },
                {
                    "energy": -102.10537870989434,
                    "ediff": -7.831826630599893e-11,
                    "drho": 6.821962717340334e-9,
                    "time": 0.6304489950000001
                }
            ]
        }
    ],
    "general_info": {
        "version": "v3.7.4",
        "commit": "4207c1158 (Fri Aug 30 22:58:56 2024 +0800)",
        "device": "cpu",
        "mpi_num": 8,
        "omp_num": 1,
        "pseudo_dir": "/home/zuxin/tmp/nao/sg15_oncv_upf_2020-02-06/",
        "orbital_dir": "../",
        "stru_file": "STRU",
        "kpt_file": "KPT",
        "start_time": "2024-08-30 23:03:19",
        "end_time": "2024-08-30 23:03:24"
    }
}